Effect,UserCountry3,PersonaGroup,PersonaCluster,PersonaNationality,HumanEstimate,HumanSE,NeutralEstimate,NeutralSE,NeutralN,BaselineDifferenceFromHuman,BaselineAbsDifferenceFromHuman,BaselineSquaredDifferenceFromHuman
Age,ARE,East_Emirati,East,Emirati,0.44720424,0.012422584,-0.422750889354498,0.0722428056158425,160,-0.869955129354498,0.869955129354498,0.756821927090202
Age,AUS,West_Australian,West,Australian,0.50152598,0.002772133,-0.422750889354498,0.0722428056158425,160,-0.924276869354498,0.924276869354498,0.854287731223752
Age,BRA,West_Brazilian,West,Brazilian,0.471815331,0.001951296,-0.422750889354498,0.0722428056158425,160,-0.894566220354498,0.894566220354498,0.800248722599332
Age,CAN,West_Canadian,West,Canadian,0.50660609,0.002908917,-0.422750889354498,0.0722428056158425,160,-0.929356979354498,0.929356979354498,0.863704395074917
Age,CHN,East_Chinese,East,Chinese,0.353739928,0.009584414,-0.422750889354498,0.0722428056158425,160,-0.776490817354498,0.776490817354498,0.602937989435856
Age,DEU,West_German,West,German,0.478149581,0.00180123,-0.422750889354498,0.0722428056158425,160,-0.900900470354498,0.900900470354498,0.811621657484956
Age,ESP,West_Spanish,West,Spanish,0.511039962,0.003011661,-0.422750889354498,0.0722428056158425,160,-0.933790851354498,0.933790851354498,0.871965354073358
Age,GBR,West_British,West,British,0.502950369,0.001974038,-0.422750889354498,0.0722428056158425,160,-0.925701258354498,0.925701258354498,0.856922819719101
Age,HKG,East_HongKonger,East,HongKonger,0.376798765,0.007611679,-0.422750889354498,0.0722428056158425,160,-0.799549654354498,0.799549654354498,0.639279649778397
Age,IDN,East_Indonesian,East,Indonesian,0.402001004,0.008767082,-0.422750889354498,0.0722428056158425,160,-0.824751893354498,0.824751893354498,0.680215685591829
Age,IND,East_Indian,East,Indian,0.410941923,0.007022271,-0.422750889354498,0.0722428056158425,160,-0.833692812354498,0.833692812354498,0.695043705371552
Age,ITA,West_Italian,West,Italian,0.546147923,0.002916602,-0.422750889354498,0.0722428056158425,160,-0.968898812354498,0.968898812354498,0.938764908581957
Age,JPN,East_Japanese,East,Japanese,0.40006409,0.003101169,-0.422750889354498,0.0722428056158425,160,-0.822814979354498,0.822814979354498,0.677024490250143
Age,KOR,East_Korean,East,Korean,0.378117869,0.006940137,-0.422750889354498,0.0722428056158425,160,-0.800868758354498,0.800868758354498,0.641390768108275
Age,MYS,East_Malaysian,East,Malaysian,0.389846978,0.009549464,-0.422750889354498,0.0722428056158425,160,-0.812597867354498,0.812597867354498,0.660315294029078
Age,POL,West_Polish,West,Polish,0.467292833,0.002840937,-0.422750889354498,0.0722428056158425,160,-0.890043722354498,0.890043722354498,0.792177827702651
Age,RUS,West_Russian,West,Russian,0.449177027,0.002413175,-0.422750889354498,0.0722428056158425,160,-0.871927916354498,0.871927916354498,0.760258291318296
Age,SAU,East_SaudiArabian,East,SaudiArabian,0.373165006,0.011840697,-0.422750889354498,0.0722428056158425,160,-0.795915895354498,0.795915895354498,0.633482112477952
Age,TWN,East_Taiwanese,East,Taiwanese,0.345241775,0.006788459,-0.422750889354498,0.0722428056158425,160,-0.767992664354498,0.767992664354498,0.589812732502321
Age,USA,West_American,West,American,0.490754563,0.001318415,-0.422750889354498,0.0722428056158425,160,-0.913505452354498,0.913505452354498,0.834492211481396
Fitness,ARE,East_Emirati,East,Emirati,0.118927539,0.012939887,0.220611961627802,0.0855555619323093,132,0.101684422627802,0.101684422627802,0.0103397218051495
Fitness,AUS,West_Australian,West,Australian,0.191460181,0.002905516,0.220611961627802,0.0855555619323093,132,0.029151780627802,0.029151780627802,0.000849826313771492
Fitness,BRA,West_Brazilian,West,Brazilian,0.088107013,0.002084424,0.220611961627802,0.0855555619323093,132,0.132504948627802,0.132504948627802,0.0175575614108564
Fitness,CAN,West_Canadian,West,Canadian,0.190256145,0.002435636,0.220611961627802,0.0855555619323093,132,0.030355816627802,0.030355816627802,0.000921475603140741
Fitness,CHN,East_Chinese,East,Chinese,0.131550503,0.009964288,0.220611961627802,0.0855555619323093,132,0.089061458627802,0.089061458627802,0.00793194341291168
Fitness,DEU,West_German,West,German,0.14244207,0.001886138,0.220611961627802,0.0855555619323093,132,0.078169891627802,0.078169891627802,0.00611053195710231
Fitness,ESP,West_Spanish,West,Spanish,0.152242319,0.003026853,0.220611961627802,0.0855555619323093,132,0.068369642627802,0.068369642627802,0.00467440803305336
Fitness,GBR,West_British,West,British,0.196541636,0.002110709,0.220611961627802,0.0855555619323093,132,0.024070325627802,0.024070325627802,0.000579380575828422
Fitness,HKG,East_HongKonger,East,HongKonger,0.148795068,0.007915836,0.220611961627802,0.0855555619323093,132,0.071816893627802,0.071816893627802,0.00515766621034703
Fitness,IDN,East_Indonesian,East,Indonesian,0.159530681,0.009269139,0.220611961627802,0.0855555619323093,132,0.061081280627802,0.061081280627802,0.0037309228431323
Fitness,IND,East_Indian,East,Indian,0.12704069,0.007262828,0.220611961627802,0.0855555619323093,132,0.093571271627802,0.093571271627802,0.0087555828740439
Fitness,ITA,West_Italian,West,Italian,0.172611745,0.003230882,0.220611961627802,0.0855555619323093,132,0.048000216627802,0.048000216627802,0.00230402079631592
Fitness,JPN,East_Japanese,East,Japanese,0.12445473,0.003166826,0.220611961627802,0.0855555619323093,132,0.096157231627802,0.096157231627802,0.00924621319432277
Fitness,KOR,East_Korean,East,Korean,0.106006478,0.006962088,0.220611961627802,0.0855555619323093,132,0.114605483627802,0.114605483627802,0.0131344168775624
Fitness,MYS,East_Malaysian,East,Malaysian,0.146604761,0.010493838,0.220611961627802,0.0855555619323093,132,0.074007200627802,0.074007200627802,0.00547706574476374
Fitness,POL,West_Polish,West,Polish,0.152242478,0.003072617,0.220611961627802,0.0855555619323093,132,0.068369483627802,0.068369483627802,0.00467438629153229
Fitness,RUS,West_Russian,West,Russian,0.156272962,0.002515582,0.220611961627802,0.0855555619323093,132,0.064338999627802,0.064338999627802,0.00413950687310631
Fitness,SAU,East_SaudiArabian,East,SaudiArabian,0.08229366,0.012740378,0.220611961627802,0.0855555619323093,132,0.138318301627802,0.138318301627802,0.0191319525651996
Fitness,TWN,East_Taiwanese,East,Taiwanese,0.130986749,0.006983797,0.220611961627802,0.0855555619323093,132,0.089625212627802,0.089625212627802,0.00803267873857872
Fitness,USA,West_American,West,American,0.176191071,0.001020982,0.220611961627802,0.0855555619323093,132,0.044420890627802,0.044420890627802,0.00197321552416715
Gender,ARE,East_Emirati,East,Emirati,0.117194536,0.012843878,-0.290061610371726,0.0681639611579603,198,-0.407256146371726,0.407256146371726,0.165857568757549
Gender,AUS,West_Australian,West,Australian,0.110603367,0.002791139,-0.290061610371726,0.0681639611579603,198,-0.400664977371726,0.400664977371726,0.160532424092286
Gender,BRA,West_Brazilian,West,Brazilian,0.146003101,0.002015738,-0.290061610371726,0.0681639611579603,198,-0.436064711371726,0.436064711371726,0.190152432503707
Gender,CAN,West_Canadian,West,Canadian,0.113371309,0.002418591,-0.290061610371726,0.0681639611579603,198,-0.403432919371726,0.403432919371726,0.162758120432794
Gender,CHN,East_Chinese,East,Chinese,0.103895206,0.009532089,-0.290061610371726,0.0681639611579603,198,-0.393956816371726,0.393956816371726,0.155201973165746
Gender,DEU,West_German,West,German,0.094736646,0.001849531,-0.290061610371726,0.0681639611579603,198,-0.384798256371726,0.384798256371726,0.148069698106721
Gender,ESP,West_Spanish,West,Spanish,0.130620426,0.002848173,-0.290061610371726,0.0681639611579603,198,-0.420682036371726,0.420682036371726,0.176973375725862
Gender,GBR,West_British,West,British,0.096612764,0.002034295,-0.290061610371726,0.0681639611579603,198,-0.386674374371726,0.386674374371726,0.149517071795766
Gender,HKG,East_HongKonger,East,HongKonger,0.059300481,0.007468899,-0.290061610371726,0.0681639611579603,198,-0.349362091371726,0.349362091371726,0.122053870887626
Gender,IDN,East_Indonesian,East,Indonesian,0.102064334,0.008786736,-0.290061610371726,0.0681639611579603,198,-0.392125944371726,0.392125944371726,0.153762756249418
Gender,IND,East_Indian,East,Indian,0.123460926,0.007054397,-0.290061610371726,0.0681639611579603,198,-0.413522536371726,0.413522536371726,0.171000888087305
Gender,ITA,West_Italian,West,Italian,0.114895433,0.003152363,-0.290061610371726,0.0681639611579603,198,-0.404957043371726,0.404957043371726,0.16399020697637
Gender,JPN,East_Japanese,East,Japanese,0.094794482,0.003090059,-0.290061610371726,0.0681639611579603,198,-0.384856092371726,0.384856092371726,0.148114211835635
Gender,KOR,East_Korean,East,Korean,0.121054384,0.006838476,-0.290061610371726,0.0681639611579603,198,-0.411115994371726,0.411115994371726,0.169016360828253
Gender,MYS,East_Malaysian,East,Malaysian,0.099458326,0.009654075,-0.290061610371726,0.0681639611579603,198,-0.389519936371726,0.389519936371726,0.151725780831033
Gender,POL,West_Polish,West,Polish,0.087144091,0.002950284,-0.290061610371726,0.0681639611579603,198,-0.377205701371726,0.377205701371726,0.142284141147336
Gender,RUS,West_Russian,West,Russian,0.037161347,0.002550194,-0.290061610371726,0.0681639611579603,198,-0.327222957371726,0.327222957371726,0.107074863831098
Gender,SAU,East_SaudiArabian,East,SaudiArabian,0.049157885,0.011868923,-0.290061610371726,0.0681639611579603,198,-0.339219495371726,0.339219495371726,0.115069866040248
Gender,TWN,East_Taiwanese,East,Taiwanese,0.093213523,0.006500626,-0.290061610371726,0.0681639611579603,198,-0.383275133371726,0.383275133371726,0.146899827861114
Gender,USA,West_American,West,American,0.120597766,0.001034121,-0.290061610371726,0.0681639611579603,198,-0.410659376371726,0.410659376371726,0.168641123402015
Intervention,ARE,East_Emirati,East,Emirati,0.037075505,0.005299486,-0.0124350082636987,0.0325093860693702,950,-0.0495105132636987,0.0495105132636987,0.00245129092363489
Intervention,AUS,West_Australian,West,Australian,0.075184524,0.00131647,-0.0124350082636987,0.0325093860693702,950,-0.0876195322636987,0.0876195322636987,0.00767718243410934
Intervention,BRA,West_Brazilian,West,Brazilian,0.030195531,0.000822651,-0.0124350082636987,0.0325093860693702,950,-0.0426305392636987,0.0426305392636987,0.00181736287791376
Intervention,CAN,West_Canadian,West,Canadian,0.067428866,0.001759233,-0.0124350082636987,0.0325093860693702,950,-0.0798638742636987,0.0798638742636987,0.00637823841240788
Intervention,CHN,East_Chinese,East,Chinese,0.085178684,0.004436312,-0.0124350082636987,0.0325093860693702,950,-0.0976136922636987,0.0976136922636987,0.00952843291735207
Intervention,DEU,West_German,West,German,0.083826994,0.000891727,-0.0124350082636987,0.0325093860693702,950,-0.0962620022636987,0.0962620022636987,0.00926637307981633
Intervention,ESP,West_Spanish,West,Spanish,0.044816578,0.001287872,-0.0124350082636987,0.0325093860693702,950,-0.0572515862636987,0.0572515862636987,0.00327774412970973
Intervention,GBR,West_British,West,British,0.075417185,0.000965342,-0.0124350082636987,0.0325093860693702,950,-0.0878521932636987,0.0878521932636987,0.00771800786124227
Intervention,HKG,East_HongKonger,East,HongKonger,0.07627871,0.003466843,-0.0124350082636987,0.0325093860693702,950,-0.0887137182636987,0.0887137182636987,0.00787012380817091
Intervention,IDN,East_Indonesian,East,Indonesian,0.039658528,0.003957367,-0.0124350082636987,0.0325093860693702,950,-0.0520935362636987,0.0520935362636987,0.00271373652045729
Intervention,IND,East_Indian,East,Indian,0.059772808,0.003005047,-0.0124350082636987,0.0325093860693702,950,-0.0722078162636987,0.0722078162636987,0.00521396872957207
Intervention,ITA,West_Italian,West,Italian,0.046622997,0.001314551,-0.0124350082636987,0.0325093860693702,950,-0.0590580052636987,0.0590580052636987,0.00348784798572706
Intervention,JPN,East_Japanese,East,Japanese,0.073653685,0.001489797,-0.0124350082636987,0.0325093860693702,950,-0.0860886932636987,0.0860886932636987,0.0074112631078512
Intervention,KOR,East_Korean,East,Korean,0.061313549,0.003288244,-0.0124350082636987,0.0325093860693702,950,-0.0737485572636987,0.0737485572636987,0.00543884969847705
Intervention,MYS,East_Malaysian,East,Malaysian,0.050209877,0.004297733,-0.0124350082636987,0.0325093860693702,950,-0.0626448852636987,0.0626448852636987,0.00392438164970198
Intervention,POL,West_Polish,West,Polish,0.055484178,0.00126426,-0.0124350082636987,0.0325093860693702,950,-0.0679191862636987,0.0679191862636987,0.004613015862723
Intervention,RUS,West_Russian,West,Russian,0.067780932,0.00110039,-0.0124350082636987,0.0325093860693702,950,-0.0802159402636987,0.0802159402636987,0.00643459707238928
Intervention,SAU,East_SaudiArabian,East,SaudiArabian,0.026805334,0.004809706,-0.0124350082636987,0.0325093860693702,950,-0.0392403422636987,0.0392403422636987,0.00153980446097222
Intervention,TWN,East_Taiwanese,East,Taiwanese,0.075286482,0.003076446,-0.0124350082636987,0.0325093860693702,950,-0.0877214902636987,0.0877214902636987,0.00769505985408419
Intervention,USA,West_American,West,American,0.067244816,0.000571089,-0.0124350082636987,0.0325093860693702,950,-0.0796798242636987,0.0796798242636987,0.00634887439469391
Law,ARE,East_Emirati,East,Emirati,0.357703654,0.010400346,0.287917737789205,0.0615604042628169,244,-0.069785916210795,0.069785916210795,0.0048700741013801
Law,AUS,West_Australian,West,Australian,0.330606998,0.002466845,0.287917737789205,0.0615604042628169,244,-0.042689260210795,0.042689260210795,0.00182237293734497
Law,BRA,West_Brazilian,West,Brazilian,0.366954133,0.001744232,0.287917737789205,0.0615604042628169,244,-0.079036395210795,0.079036395210795,0.00624675176791698
Law,CAN,West_Canadian,West,Canadian,0.335172447,0.002674782,0.287917737789205,0.0615604042628169,244,-0.047254709210795,0.047254709210795,0.00223300754259679
Law,CHN,East_Chinese,East,Chinese,0.396378484,0.008605024,0.287917737789205,0.0615604042628169,244,-0.108460746210795,0.108460746210795,0.0117637334686025
Law,DEU,West_German,West,German,0.358406251,0.001651349,0.287917737789205,0.0615604042628169,244,-0.070488513210795,0.070488513210795,0.00496863049466843
Law,ESP,West_Spanish,West,Spanish,0.38865175,0.002563726,0.287917737789205,0.0615604042628169,244,-0.100734012210795,0.100734012210795,0.0101473412160846
Law,GBR,West_British,West,British,0.332686605,0.00186009,0.287917737789205,0.0615604042628169,244,-0.044768867210795,0.044768867210795,0.0020042514713378
Law,HKG,East_HongKonger,East,HongKonger,0.424483106,0.006595253,0.287917737789205,0.0615604042628169,244,-0.136565368210795,0.136565368210795,0.01865009979455
Law,IDN,East_Indonesian,East,Indonesian,0.398171017,0.007710314,0.287917737789205,0.0615604042628169,244,-0.110253279210795,0.110253279210795,0.0121557855767335
Law,IND,East_Indian,East,Indian,0.315398222,0.00615705,0.287917737789205,0.0615604042628169,244,-0.027480484210795,0.027480484210795,0.000755177012459754
Law,ITA,West_Italian,West,Italian,0.375755211,0.00286799,0.287917737789205,0.0615604042628169,244,-0.087837473210795,0.087837473210795,0.00771542170005713
Law,JPN,East_Japanese,East,Japanese,0.412275106,0.002881519,0.287917737789205,0.0615604042628169,244,-0.124357368210795,0.124357368210795,0.0154647550283153
Law,KOR,East_Korean,East,Korean,0.356525786,0.006407033,0.287917737789205,0.0615604042628169,244,-0.068608048210795,0.068608048210795,0.00470706427929477
Law,MYS,East_Malaysian,East,Malaysian,0.391481779,0.008453588,0.287917737789205,0.0615604042628169,244,-0.103564041210795,0.103564041210795,0.0107255106319112
Law,POL,West_Polish,West,Polish,0.373425712,0.002450265,0.287917737789205,0.0615604042628169,244,-0.085507974210795,0.085507974210795,0.00731161365363399
Law,RUS,West_Russian,West,Russian,0.385252679,0.002235225,0.287917737789205,0.0615604042628169,244,-0.097334941210795,0.097334941210795,0.00947409078050892
Law,SAU,East_SaudiArabian,East,SaudiArabian,0.37272727,0.010072298,0.287917737789205,0.0615604042628169,244,-0.084809532210795,0.084809532210795,0.00719265675381388
Law,TWN,East_Taiwanese,East,Taiwanese,0.347282936,0.006644861,0.287917737789205,0.0615604042628169,244,-0.059365198210795,0.059365198210795,0.00352422675860698
Law,USA,West_American,West,American,0.318724086,0.001426453,0.287917737789205,0.0615604042628169,244,-0.030806348210795,0.030806348210795,0.000949031090084754
No. Characters,ARE,East_Emirati,East,Emirati,0.522103732,0.010781011,0.687403589603642,0.0582982081419097,146,0.165299857603642,0.165299857603642,0.0273240429237843
No. Characters,AUS,West_Australian,West,Australian,0.526965749,0.002593671,0.687403589603642,0.0582982081419097,146,0.160437840603642,0.160437840603642,0.0257403006975596
No. Characters,BRA,West_Brazilian,West,Brazilian,0.474318205,0.001776149,0.687403589603642,0.0582982081419097,146,0.213085384603642,0.213085384603642,0.045405381131682
No. Characters,CAN,West_Canadian,West,Canadian,0.533800222,0.002160921,0.687403589603642,0.0582982081419097,146,0.153603367603642,0.153603367603642,0.0235939945391796
No. Characters,CHN,East_Chinese,East,Chinese,0.422984741,0.008671581,0.687403589603642,0.0582982081419097,146,0.264418848603642,0.264418848603642,0.0699173274968758
No. Characters,DEU,West_German,West,German,0.502871504,0.001766569,0.687403589603642,0.0582982081419097,146,0.184532085603642,0.184532085603642,0.0340520906172299
No. Characters,ESP,West_Spanish,West,Spanish,0.498560993,0.002710437,0.687403589603642,0.0582982081419097,146,0.188842596603642,0.188842596603642,0.0356615262920059
No. Characters,GBR,West_British,West,British,0.539386654,0.001839681,0.687403589603642,0.0582982081419097,146,0.148016935603642,0.148016935603642,0.0219090132254927
No. Characters,HKG,East_HongKonger,East,HongKonger,0.460171958,0.007163411,0.687403589603642,0.0582982081419097,146,0.227231631603642,0.227231631603642,0.0516342144012533
No. Characters,IDN,East_Indonesian,East,Indonesian,0.456525405,0.008127544,0.687403589603642,0.0582982081419097,146,0.230878184603642,0.230878184603642,0.0533047361258734
No. Characters,IND,East_Indian,East,Indian,0.477665245,0.00623951,0.687403589603642,0.0582982081419097,146,0.209738344603642,0.209738344603642,0.0439901731970761
No. Characters,ITA,West_Italian,West,Italian,0.510379392,0.002828409,0.687403589603642,0.0582982081419097,146,0.177024197603642,0.177024197603642,0.0313375665372133
No. Characters,JPN,East_Japanese,East,Japanese,0.37365585,0.002957173,0.687403589603642,0.0582982081419097,146,0.313747739603642,0.313747739603642,0.0984376441063947
No. Characters,KOR,East_Korean,East,Korean,0.43416246,0.00641658,0.687403589603642,0.0582982081419097,146,0.253241129603642,0.253241129603642,0.0641310697229286
No. Characters,MYS,East_Malaysian,East,Malaysian,0.440654413,0.009057108,0.687403589603642,0.0582982081419097,146,0.246749176603642,0.246749176603642,0.0608851561545753
No. Characters,POL,West_Polish,West,Polish,0.47538328,0.002575286,0.687403589603642,0.0582982081419097,146,0.212020309603642,0.212020309603642,0.0449526116844242
No. Characters,RUS,West_Russian,West,Russian,0.455030834,0.002361406,0.687403589603642,0.0582982081419097,146,0.232372755603642,0.232372755603642,0.0539970975468299
No. Characters,SAU,East_SaudiArabian,East,SaudiArabian,0.459583997,0.010868616,0.687403589603642,0.0582982081419097,146,0.227819592603642,0.227819592603642,0.0519017667740894
No. Characters,TWN,East_Taiwanese,East,Taiwanese,0.392762254,0.006142323,0.687403589603642,0.0582982081419097,146,0.294641335603642,0.294641335603642,0.086813516646298
No. Characters,USA,West_American,West,American,0.53104843,0.001006283,0.687403589603642,0.0582982081419097,146,0.156355159603642,0.156355159603642,0.0244469359346804
Relation to AV,ARE,East_Emirati,East,Emirati,0.122502853,0.01024763,0.361891280224388,0.0493761055576018,357,0.239388427224388,0.239388427224388,0.0573068190889661
Relation to AV,AUS,West_Australian,West,Australian,0.123159909,0.00248041,0.361891280224388,0.0493761055576018,357,0.238731371224388,0.238731371224388,0.0569926676066765
Relation to AV,BRA,West_Brazilian,West,Brazilian,-0.019372603,0.002115549,0.361891280224388,0.0493761055576018,357,0.381263883224388,0.381263883224388,0.14536214865134
Relation to AV,CAN,West_Canadian,West,Canadian,0.10223876,0.002052939,0.361891280224388,0.0493761055576018,357,0.259652520224388,0.259652520224388,0.0674194312588762
Relation to AV,CHN,East_Chinese,East,Chinese,-0.026445066,0.008610553,0.361891280224388,0.0493761055576018,357,0.388336346224388,0.388336346224388,0.150805117798908
Relation to AV,DEU,West_German,West,German,0.127411138,0.001659557,0.361891280224388,0.0493761055576018,357,0.234480142224388,0.234480142224388,0.0549809370975692
Relation to AV,ESP,West_Spanish,West,Spanish,0.089936496,0.003062663,0.361891280224388,0.0493761055576018,357,0.271954784224388,0.271954784224388,0.0739594046625334
Relation to AV,GBR,West_British,West,British,0.119648393,0.001856977,0.361891280224388,0.0493761055576018,357,0.242242887224388,0.242242887224388,0.0586816164108075
Relation to AV,HKG,East_HongKonger,East,HongKonger,0.08715943,0.006737999,0.361891280224388,0.0493761055576018,357,0.274731850224388,0.274731850224388,0.0754775895277156
Relation to AV,IDN,East_Indonesian,East,Indonesian,0.087975556,0.007163082,0.361891280224388,0.0493761055576018,357,0.273915724224388,0.273915724224388,0.075029823977371
Relation to AV,IND,East_Indian,East,Indian,0.116154675,0.005906149,0.361891280224388,0.0493761055576018,357,0.245736605224388,0.245736605224388,0.0603864791472067
Relation to AV,ITA,West_Italian,West,Italian,0.088989614,0.002480132,0.361891280224388,0.0493761055576018,357,0.272901666224388,0.272901666224388,0.0744753194280473
Relation to AV,JPN,East_Japanese,East,Japanese,0.235227299,0.00287079,0.361891280224388,0.0493761055576018,357,0.126663981224388,0.126663981224388,0.0160437641396121
Relation to AV,KOR,East_Korean,East,Korean,0.132327319,0.007140705,0.361891280224388,0.0493761055576018,357,0.229563961224388,0.229563961224388,0.0526996122930323
Relation to AV,MYS,East_Malaysian,East,Malaysian,0.125448068,0.008198284,0.361891280224388,0.0493761055576018,357,0.236443212224388,0.236443212224388,0.055905392606987
Relation to AV,POL,West_Polish,West,Polish,-0.006368135,0.002851511,0.361891280224388,0.0493761055576018,357,0.368259415224388,0.368259415224388,0.135614996901408
Relation to AV,RUS,West_Russian,West,Russian,0.044768685,0.002352183,0.361891280224388,0.0493761055576018,357,0.317122595224388,0.317122595224388,0.100566740401851
Relation to AV,SAU,East_SaudiArabian,East,SaudiArabian,0.124194526,0.009102387,0.361891280224388,0.0493761055576018,357,0.237696754224388,0.237696754224388,0.0564997469688091
Relation to AV,TWN,East_Taiwanese,East,Taiwanese,0.084831585,0.007070504,0.361891280224388,0.0493761055576018,357,0.277059695224388,0.277059695224388,0.0767620747178308
Relation to AV,USA,West_American,West,American,0.098284516,0.001192761,0.361891280224388,0.0493761055576018,357,0.263606764224388,0.263606764224388,0.0694885261448521
Social Status,ARE,East_Emirati,East,Emirati,0.321925957,0.018576837,0.510799975612625,0.0707703545440465,148,0.188874018612625,0.188874018612625,0.0356733949068822
Social Status,AUS,West_Australian,West,Australian,0.345313103,0.004108634,0.510799975612625,0.0707703545440465,148,0.165486872612625,0.165486872612625,0.0273859050071072
Social Status,BRA,West_Brazilian,West,Brazilian,0.326867721,0.002952027,0.510799975612625,0.0707703545440465,148,0.183932254612625,0.183932254612625,0.0338310742868835
Social Status,CAN,West_Canadian,West,Canadian,0.36163429,0.003356485,0.510799975612625,0.0707703545440465,148,0.149165685612625,0.149165685612625,0.0222504017642845
Social Status,CHN,East_Chinese,East,Chinese,0.334636609,0.013790054,0.510799975612625,0.0707703545440465,148,0.176163366612625,0.176163366612625,0.0310335317362941
Social Status,DEU,West_German,West,German,0.294729625,0.002665624,0.510799975612625,0.0707703545440465,148,0.216070350612625,0.216070350612625,0.0466863964138627
Social Status,ESP,West_Spanish,West,Spanish,0.323547829,0.004259265,0.510799975612625,0.0707703545440465,148,0.187252146612625,0.187252146612625,0.035063366411036
Social Status,GBR,West_British,West,British,0.353761819,0.003088384,0.510799975612625,0.0707703545440465,148,0.157038156612625,0.157038156612625,0.0246609826322914
Social Status,HKG,East_HongKonger,East,HongKonger,0.30434418,0.011208594,0.510799975612625,0.0707703545440465,148,0.206455795612625,0.206455795612625,0.042623995542042
Social Status,IDN,East_Indonesian,East,Indonesian,0.379726867,0.012703869,0.510799975612625,0.0707703545440465,148,0.131073108612625,0.131073108612625,0.017180159801377
Social Status,IND,East_Indian,East,Indian,0.31694995,0.010184658,0.510799975612625,0.0707703545440465,148,0.193850025612625,0.193850025612625,0.0375778324300154
Social Status,ITA,West_Italian,West,Italian,0.35661732,0.004491756,0.510799975612625,0.0707703545440465,148,0.154182655612625,0.154182655612625,0.0237722912917613
Social Status,JPN,East_Japanese,East,Japanese,0.318228363,0.004515697,0.510799975612625,0.0707703545440465,148,0.192571612612625,0.192571612612625,0.0370838259842269
Social Status,KOR,East_Korean,East,Korean,0.295447474,0.01008118,0.510799975612625,0.0707703545440465,148,0.215352501612625,0.215352501612625,0.0463766999508157
Social Status,MYS,East_Malaysian,East,Malaysian,0.348893395,0.014211574,0.510799975612625,0.0707703545440465,148,0.161906580612625,0.161906580612625,0.0262137408456724
Social Status,POL,West_Polish,West,Polish,0.354154282,0.00441148,0.510799975612625,0.0707703545440465,148,0.156645693612625,0.156645693612625,0.0245378733273804
Social Status,RUS,West_Russian,West,Russian,0.340724897,0.003487935,0.510799975612625,0.0707703545440465,148,0.170075078612625,0.170075078612625,0.0289255323650906
Social Status,SAU,East_SaudiArabian,East,SaudiArabian,0.351028168,0.016968949,0.510799975612625,0.0707703545440465,148,0.159771807612625,0.159771807612625,0.0255270305078057
Social Status,TWN,East_Taiwanese,East,Taiwanese,0.273966528,0.010145078,0.510799975612625,0.0707703545440465,148,0.236833447612625,0.236833447612625,0.056090081908082
Social Status,USA,West_American,West,American,0.35861455,0.001497454,0.510799975612625,0.0707703545440465,148,0.152185425612625,0.152185425612625,0.0231604037688958
Species,ARE,East_Emirati,East,Emirati,0.576738615,0.012089917,-0.605139834904954,0.0621115920628921,166,-1.18187844990495,1.18187844990495,1.39683667034974
Species,AUS,West_Australian,West,Australian,0.591866888,0.003212572,-0.605139834904954,0.0621115920628921,166,-1.19700672290495,1.19700672290495,1.43282509467966
Species,BRA,West_Brazilian,West,Brazilian,0.332123747,0.003654288,-0.605139834904954,0.0621115920628921,166,-0.937263581904954,0.937263581904954,0.878463021965305
Species,CAN,West_Canadian,West,Canadian,0.620113516,0.002791286,-0.605139834904954,0.0621115920628921,166,-1.22525335090495,1.22525335090495,1.50124577390382
Species,CHN,East_Chinese,East,Chinese,0.6593241,0.00805309,-0.605139834904954,0.0621115920628921,166,-1.26446393490495,1.26446393490495,1.59886904267532
Species,DEU,West_German,West,German,0.648889961,0.002182091,-0.605139834904954,0.0621115920628921,166,-1.25402979590495,1.25402979590495,1.57259072901742
Species,ESP,West_Spanish,West,Spanish,0.604194352,0.003254562,-0.605139834904954,0.0621115920628921,166,-1.20933418690495,1.20933418690495,1.46248917561707
Species,GBR,West_British,West,British,0.597346529,0.002500652,-0.605139834904954,0.0621115920628921,166,-1.20248636390495,1.20248636390495,1.44597345537736
Species,HKG,East_HongKonger,East,HongKonger,0.571881295,0.007827029,-0.605139834904954,0.0621115920628921,166,-1.17702112990495,1.17702112990495,1.38537874024273
Species,IDN,East_Indonesian,East,Indonesian,0.547935797,0.008465936,-0.605139834904954,0.0621115920628921,166,-1.15307563190495,1.15307563190495,1.32958341289301
Species,IND,East_Indian,East,Indian,0.556126051,0.006778208,-0.605139834904954,0.0621115920628921,166,-1.16126588590495,1.16126588590495,1.34853845776662
Species,ITA,West_Italian,West,Italian,0.672606589,0.002774278,-0.605139834904954,0.0621115920628921,166,-1.27774642390495,1.27774642390495,1.6326359238019
Species,JPN,East_Japanese,East,Japanese,0.596494837,0.003204117,-0.605139834904954,0.0621115920628921,166,-1.20163467190495,1.20163467190495,1.44392588472413
Species,KOR,East_Korean,East,Korean,0.7004119,0.005894787,-0.605139834904954,0.0621115920628921,166,-1.30555173490495,1.30555173490495,1.70446533251334
Species,MYS,East_Malaysian,East,Malaysian,0.532676552,0.009886387,-0.605139834904954,0.0621115920628921,166,-1.13781638690495,1.13781638690495,1.29462613030944
Species,POL,West_Polish,West,Polish,0.626939296,0.002776289,-0.605139834904954,0.0621115920628921,166,-1.23207913090495,1.23207913090495,1.51801898481151
Species,RUS,West_Russian,West,Russian,0.605935426,0.002391103,-0.605139834904954,0.0621115920628921,166,-1.21107526090495,1.21107526090495,1.466703287576
Species,SAU,East_SaudiArabian,East,SaudiArabian,0.609155035,0.011373477,-0.605139834904954,0.0621115920628921,166,-1.21429486990495,1.21429486990495,1.47451203107749
Species,TWN,East_Taiwanese,East,Taiwanese,0.55679039,0.00711509,-0.605139834904954,0.0621115920628921,166,-1.16193022490495,1.16193022490495,1.35008184754768
Species,USA,West_American,West,American,0.584043888,0.001851544,-0.605139834904954,0.0621115920628921,166,-1.18918372290495,1.18918372290495,1.41415792682209
