Effect,ReferenceLevel,ComparedLevel,Contrast,LlmEastMinusWest,LlmAbsEastMinusWest,HumanEastMinusWest,HumanAbsEastMinusWest,AbsDifferenceGap
Age,Elderly,Young,Young - Elderly,0.0965826770519523,0.0965826770519523,-0.1048338081,0.1048338081,0.00825113104804764
Fitness,Large,Fit,Fit - Large,0.0210022409286248,0.0210022409286248,-0.0342176761,0.0342176761,0.0132154351713752
Gender,Male,Female,Female - Male,0.0338441312840784,0.0338441312840784,-0.00881521669999999,0.00881521669999999,-0.0250289145840784
Intervention,Omission,Commission,Commission - Omission,0.0581000529373803,0.0581000529373803,-0.0028769439,0.0028769439,-0.0552231090373803
Law,Illegal,Legal,Legal - Illegal,0.0187660668380466,0.0187660668380466,0.0206791488,0.0206791488,0.00191308196195344
No. Characters,Less,More,More - Less,-0.0475324857894505,0.0475324857894505,-0.0607475208,0.0607475208,0.0132150350105495
Relation to AV,Passengers,Pedestrians,Pedestrians - Passengers,0.138358218110298,0.138358218110298,0.0320679472,0.0320679472,-0.106290270910298
Social Status,Low,High,High - Low,-0.0304404814278971,0.0304404814278971,-0.0170817945,0.0170817945,-0.013358686927897
Species,Pets,Humans,Humans - Pets,0.0377872160863295,0.0377872160863295,0.00234743799999992,0.00234743799999992,-0.0354397780863296
