Effect,East,West,HumanEastMinusWest,HumanAbsEastMinusWest
Age,0.3877121578,0.4925459659,-0.1048338081,0.1048338081
Fitness,0.1276190859,0.161836762,-0.0342176761,0.0342176761
Gender,0.0963594083,0.105174625,-0.00881521669999999,0.00881521669999999
Intervention,0.0585233162,0.0614002601,-0.0028769439,0.0028769439
Law,0.377242736,0.3565635872,0.0206791488,0.0206791488
No. Characters,0.4440270055,0.5047745263,-0.0607475208,0.0607475208
Relation to AV,0.1089376245,0.0768696773,0.0320679472,0.0320679472
Social Status,0.3245147491,0.3415965436,-0.0170817945,0.0170817945
Species,0.5907534572,0.5884060192,0.00234743799999992,0.00234743799999992
