UserCountry3,[Omission -> Commission]: Estimates,[Passengers -> Pedestrians]: Estimates,Law [Illegal -> Legal]: Estimates,Gender [Male -> Female]: Estimates,Fitness [Large -> Fit]: Estimates,Social Status [Low -> High]: Estimates,Age [Elderly -> Young]: Estimates,No. Characters [Less -> More]: Estimates,Species [Pets -> Humans]: Estimates,[Omission -> Commission]: se,[Passengers -> Pedestrians]: se,Law [Illegal -> Legal]: se,Gender [Male -> Female]: se,Fitness [Large -> Fit]: se,Social Status [Low -> High]: se,Age [Elderly -> Young]: se,No. Characters [Less -> More]: se,Species [Pets -> Humans]: se
AFG,0.076590486,0.004590559,0.300033835,-0.007555304,0.190209099,0.336341875,0.390148842,0.466343107,0.575618029,0.030863405,0.067429082,0.055719264,0.079866258,0.083326297,0.108407446,0.077348132,0.097473616,0.092009147
AGO,0.035094704,-0.072330607,0.361607879,0.035080195,0.119326118,0.483078633,0.461626543,0.462462539,0.593738122,0.02876064,0.07061023,0.058976639,0.074016956,0.073624314,0.093549446,0.061123054,0.061661015,0.07122498
ALB,0.047205701,0.054627562,0.345108361,0.112579673,0.188009344,0.283644467,0.482305013,0.514452805,0.603087455,0.014706188,0.025941613,0.027742714,0.032190955,0.032768288,0.048322217,0.032980103,0.028441662,0.030502572
AND,0.061886676,0.23075435,0.411267401,0.167290254,0.105060576,0.257421324,0.483550939,0.516630566,0.556225454,0.025191498,0.048591421,0.053363801,0.064477142,0.07812365,0.096929227,0.068019772,0.062985675,0.091942074
ARE,0.037075505,0.122502853,0.357703654,0.117194536,0.118927539,0.321925957,0.44720424,0.522103732,0.576738615,0.005299486,0.01024763,0.010400346,0.012843878,0.012939887,0.018576837,0.012422584,0.010781011,0.012089917
ARG,0.034001572,0.139844691,0.344230187,0.140659801,0.160907748,0.370718609,0.50280058,0.499997226,0.390491341,0.002404501,0.004310092,0.004860684,0.005585737,0.005866326,0.008064441,0.005199785,0.004966452,0.006971352
ARM,0.040675613,0.075711877,0.357947109,0.105073669,0.09807303,0.238981507,0.469951352,0.481638383,0.621889831,0.015096964,0.028769978,0.028259104,0.036915013,0.036885065,0.053206137,0.03216237,0.031144569,0.030547467
AUS,0.075184524,0.123159909,0.330606998,0.110603367,0.191460181,0.345313103,0.50152598,0.526965749,0.591866888,0.00131647,0.00248041,0.002466845,0.002791139,0.002905516,0.004108634,0.002772133,0.002593671,0.003212572
AUT,0.071672538,0.099228297,0.371251614,0.08961913,0.136782363,0.305829708,0.496949692,0.514023637,0.66121114,0.002214718,0.004206455,0.004195178,0.004942517,0.005069593,0.007250748,0.004594191,0.004407615,0.004753708
AZE,0.03418692,0.202071433,0.255895823,0.098419033,0.177014455,0.321270146,0.488097009,0.454144394,0.302111549,0.007890199,0.013994374,0.01688689,0.019465291,0.020045996,0.026553369,0.017536016,0.016870149,0.022169834
BEL,0.058056292,0.173979823,0.376078637,0.138491502,0.140006292,0.337415745,0.49463563,0.51065249,0.669087396,0.001410106,0.00261089,0.002709384,0.003194453,0.00330837,0.004767695,0.003025704,0.002892227,0.002828714
BGD,0.014816223,0.011405654,0.351396948,0.076273,0.172393812,0.362516045,0.416281677,0.499592007,0.569989607,0.01294747,0.026108222,0.02648784,0.030704602,0.031454818,0.04464609,0.02870807,0.02726262,0.027638814
BGR,0.040052892,0.098152415,0.344263717,0.093338387,0.192661253,0.375257336,0.531244363,0.509020969,0.620110694,0.004150236,0.008067268,0.008630631,0.010318357,0.010200542,0.014434273,0.009178364,0.009167692,0.009731996
BHR,0.024815828,0.157967607,0.427192817,0.089499308,0.116674018,0.410013826,0.428513212,0.400706378,0.615261052,0.022313345,0.038697833,0.038848628,0.046533428,0.051628048,0.067668157,0.045864565,0.044028643,0.042502139
BHS,0.013811253,0.005484296,0.277794863,0.156608973,0.130041507,0.373752065,0.549354819,0.535960962,0.602964781,0.025565881,0.059970755,0.048059754,0.063502234,0.063792847,0.099640884,0.056133539,0.046579522,0.06025451
BIH,0.040649064,0.131608311,0.361721257,0.094057226,0.148677345,0.301363128,0.550665401,0.526555289,0.595552484,0.008090941,0.016077264,0.01568298,0.020436805,0.019746227,0.027607715,0.017739876,0.017078416,0.019372911
BLR,0.068876511,0.026185594,0.34772841,0.027269234,0.165153159,0.327858089,0.492360978,0.466647169,0.621669615,0.004874369,0.009155892,0.009458493,0.010998164,0.011299442,0.01575016,0.010297102,0.009955594,0.010241006
BOL,0.028283423,0.132084116,0.316798541,0.144348702,0.215960536,0.39668043,0.505045428,0.50708562,0.2851155,0.01326344,0.023923671,0.028827521,0.034161419,0.035956409,0.046949076,0.032347614,0.028950253,0.041330458
BRA,0.030195531,-0.019372603,0.366954133,0.146003101,0.088107013,0.326867721,0.471815331,0.474318205,0.332123747,0.000822651,0.002115549,0.001744232,0.002015738,0.002084424,0.002952027,0.001951296,0.001776149,0.003654288
BRB,0.079015584,0.086872938,0.277655388,0.161325527,0.183997608,0.404668493,0.449655433,0.485292955,0.641316978,0.032373804,0.051797282,0.06109512,0.063630213,0.071987905,0.095115701,0.063524228,0.056685855,0.055886648
BRN,0.039973285,0.079354823,0.472847769,-0.007235431,0.204117631,0.31134191,0.382671392,0.39862828,0.492784816,0.021434715,0.040365666,0.043791745,0.056222881,0.063635983,0.088924853,0.054383352,0.049162294,0.051551553
CAN,0.067428866,0.10223876,0.335172447,0.113371309,0.190256145,0.36163429,0.50660609,0.533800222,0.620113516,0.001759233,0.002052939,0.002674782,0.002418591,0.002435636,0.003356485,0.002908917,0.002160921,0.002791286
CHE,0.080096734,0.146630279,0.373057305,0.106518825,0.132405213,0.295086367,0.470869702,0.500104477,0.670013699,0.002272702,0.004090237,0.004333419,0.004874775,0.005223542,0.007313022,0.004805103,0.004597984,0.004696793
CHL,0.038586108,0.134771173,0.377314195,0.154295444,0.165059419,0.347926175,0.472588868,0.489847307,0.457030981,0.003211517,0.006128306,0.006362248,0.00726481,0.007869592,0.010952003,0.007254122,0.006746978,0.009293823
CHN,0.085178684,-0.026445066,0.396378484,0.103895206,0.131550503,0.334636609,0.353739928,0.422984741,0.6593241,0.004436312,0.008610553,0.008605024,0.009532089,0.009964288,0.013790054,0.009584414,0.008671581,0.00805309
COL,0.030381221,0.120284568,0.338270321,0.15630791,0.198671636,0.454943459,0.525856997,0.516067656,0.333569968,0.003121479,0.005569234,0.006481178,0.007495719,0.007908713,0.010445746,0.00708125,0.00680836,0.008807837
CRI,0.043352799,0.108776348,0.34370712,0.121366524,0.207376079,0.387330537,0.493087826,0.493717364,0.473398224,0.006305533,0.012105709,0.012974545,0.015491062,0.015771435,0.021951996,0.014939463,0.013484567,0.01757501
CYP,0.07271602,0.134636988,0.3526585,0.110472816,0.146435726,0.362695917,0.484796156,0.501369551,0.596537878,0.011451545,0.021037169,0.022172395,0.025030671,0.025389651,0.037015349,0.023549589,0.022451274,0.024604709
CZE,0.048197067,0.052848921,0.377033784,0.139844014,0.178754239,0.416316671,0.52637523,0.53149276,0.59418631,0.00139946,0.002716498,0.002715231,0.00320246,0.003340323,0.004571587,0.003064049,0.002844674,0.00352867
DEU,0.083826994,0.127411138,0.358406251,0.094736646,0.14244207,0.294729625,0.478149581,0.502871504,0.648889961,0.000891727,0.001659557,0.001651349,0.001849531,0.001886138,0.002665624,0.00180123,0.001766569,0.002182091
DNK,0.081819074,0.15444088,0.377120716,0.067653926,0.154271899,0.300810847,0.472907113,0.511060425,0.692747262,0.002376946,0.00453627,0.004474227,0.005325086,0.005392687,0.00768621,0.005132825,0.004784132,0.004853072
DOM,0.037334665,0.116759248,0.377845907,0.211210755,0.179835932,0.426752709,0.527809575,0.528576034,0.536716828,0.011139843,0.01861938,0.021010134,0.033414798,0.025329795,0.034785665,0.022442567,0.024983254,0.024014542
DZA,0.01738039,0.080066409,0.383791176,0.102994115,0.146867718,0.35971725,0.516105982,0.477294253,0.602128288,0.008648667,0.016872857,0.017496511,0.022358975,0.021834359,0.030836202,0.019891377,0.019075497,0.020940095
ECU,0.021768594,0.142551024,0.298375414,0.13245827,0.185367284,0.440776918,0.472004798,0.470254461,0.376178778,0.007033817,0.013012487,0.015793482,0.018939055,0.018787205,0.026001592,0.018382796,0.016119028,0.023489408
EGY,0.036612174,0.134024585,0.368542975,0.073031733,0.116985416,0.304602339,0.436012179,0.475915693,0.603822359,0.007454565,0.014100578,0.014874247,0.017475631,0.018494733,0.027283853,0.017104519,0.015906827,0.016502928
ESP,0.044816578,0.089936496,0.38865175,0.130620426,0.152242319,0.323547829,0.511039962,0.498560993,0.604194352,0.001287872,0.003062663,0.002563726,0.002848173,0.003026853,0.004259265,0.003011661,0.002710437,0.003254562
EST,0.076420405,0.07611279,0.387052311,0.102712626,0.201575403,0.354228924,0.47304707,0.495994279,0.572212161,0.006706055,0.009282834,0.009662592,0.0115816,0.011972672,0.016826873,0.010702248,0.010342093,0.011496415
FIN,0.075162143,0.147763798,0.3813802,0.096471504,0.138494934,0.295131382,0.461325806,0.481226481,0.624099717,0.001863088,0.003676353,0.003746505,0.004228641,0.004339336,0.00595584,0.004155907,0.003845146,0.004155638
FRA,0.042047122,0.093531193,0.375625439,0.217038568,0.156287595,0.372217504,0.585255005,0.556109558,0.642259612,0.000831292,0.001644589,0.002023406,0.002235784,0.002002302,0.002830151,0.001879072,0.001903472,0.001973172
GBR,0.075417185,0.119648393,0.332686605,0.096612764,0.196541636,0.353761819,0.502950369,0.539386654,0.597346529,0.000965342,0.001856977,0.00186009,0.002034295,0.002110709,0.003088384,0.001974038,0.001839681,0.002500652
GEO,0.052274893,0.075096385,0.346270815,0.084838447,0.174142808,0.341787907,0.459910643,0.470556947,0.548677087,0.010885712,0.020620815,0.022090322,0.024326176,0.025813218,0.037020176,0.025391359,0.02395173,0.025219527
GGY,0.043755813,0.127340304,0.334863068,0.149190927,0.194123485,0.452607131,0.642085036,0.525972687,0.564982411,0.030738728,0.052876501,0.058818358,0.06510093,0.087023474,0.099490014,0.059916762,0.057963206,0.072250148
GRC,0.05571513,0.143591371,0.368453352,0.069931403,0.14146714,0.289557346,0.53596107,0.499934143,0.616805255,0.003567391,0.006752867,0.00664188,0.007954527,0.008010755,0.011207307,0.007194248,0.00714362,0.007451568
GTM,0.033983382,0.188129076,0.306376016,0.155557575,0.218230529,0.458369315,0.463648607,0.467194557,0.54415614,0.00946909,0.018662376,0.021092626,0.024156904,0.025380756,0.03339142,0.022473788,0.021241987,0.024000124
GUM,0.074338876,0.032204075,0.414470231,0.19540349,0.137379259,0.366093192,0.522072495,0.519918968,0.465072049,0.028341762,0.041139822,0.042942605,0.05761821,0.055538846,0.083890259,0.051500927,0.051103956,0.059696938
HKG,0.07627871,0.08715943,0.424483106,0.059300481,0.148795068,0.30434418,0.376798765,0.460171958,0.571881295,0.003466843,0.006737999,0.006595253,0.007468899,0.007915836,0.011208594,0.007611679,0.007163411,0.007827029
HND,0.021334772,0.060739437,0.299081729,0.185302694,0.154131941,0.424856073,0.463289438,0.435367736,0.469986929,0.016039327,0.028618786,0.030243395,0.036762184,0.037755209,0.052844541,0.036620735,0.035286658,0.039917591
HRV,0.047591032,0.086930644,0.396286177,0.090841872,0.177028862,0.338052776,0.506642138,0.527255397,0.618418679,0.004699247,0.009051922,0.008818904,0.010412484,0.011118561,0.015313221,0.010035402,0.009760917,0.010706451
HUN,0.049794503,0.058676772,0.367554628,0.154823503,0.167141003,0.397777026,0.537656412,0.54177167,0.682258787,0.001493529,0.002813227,0.002826305,0.003500108,0.003715924,0.004953138,0.00324841,0.00300375,0.003170025
IDN,0.039658528,0.087975556,0.398171017,0.102064334,0.159530681,0.379726867,0.402001004,0.456525405,0.547935797,0.003957367,0.007163082,0.007710314,0.008786736,0.009269139,0.012703869,0.008767082,0.008127544,0.008465936
IMN,0.059922937,0.107938343,0.341243357,0.132064364,0.064538281,0.314075125,0.519538519,0.605254544,0.640144085,0.026812451,0.050940754,0.047319201,0.060852306,0.060322052,0.095577242,0.057461001,0.051971122,0.051901162
IND,0.059772808,0.116154675,0.315398222,0.123460926,0.12704069,0.31694995,0.410941923,0.477665245,0.556126051,0.003005047,0.005906149,0.00615705,0.007054397,0.007262828,0.010184658,0.007022271,0.00623951,0.006778208
IRL,0.071388298,0.120019656,0.324753246,0.101566707,0.185334975,0.30843717,0.49419418,0.54315472,0.614520209,0.003389261,0.00624527,0.006537916,0.007519633,0.007890162,0.011364468,0.007408421,0.006640201,0.009799571
IRN,0.040802719,0.191886747,0.293049657,0.050851069,0.128442368,0.347267862,0.47399924,0.4805343,0.679145895,0.010381401,0.019448747,0.019907662,0.025129062,0.026147225,0.034551725,0.022290063,0.022260082,0.020907572
IRQ,0.006813121,0.098987894,0.321602628,0.100758171,0.112613788,0.357588171,0.434320366,0.530139787,0.538283542,0.014417385,0.027986536,0.031405333,0.034999011,0.039678343,0.050006295,0.034497339,0.03003746,0.03476044
ISL,0.091773337,0.114420024,0.337842217,0.075641323,0.164712129,0.304733615,0.502100022,0.523817308,0.634602425,0.009740808,0.017837527,0.018023489,0.020730769,0.023279218,0.030329052,0.01890977,0.01850034,0.020197053
ISR,0.032058234,0.100754321,0.357149434,0.096700298,0.141984668,0.376391534,0.464247662,0.541741335,0.521546577,0.002366199,0.004163252,0.004476671,0.005519339,0.005771837,0.008096067,0.005316917,0.004791294,0.006058351
ITA,0.046622997,0.088989614,0.375755211,0.114895433,0.172611745,0.35661732,0.546147923,0.510379392,0.672606589,0.001314551,0.002480132,0.00286799,0.003152363,0.003230882,0.004491756,0.002916602,0.002828409,0.002774278
JAM,0.021751269,0.077904815,0.334755878,0.173961224,0.159514661,0.330932331,0.475728241,0.545425498,0.641518858,0.019951984,0.035714846,0.036136426,0.046456684,0.049220499,0.063637847,0.042187079,0.036551635,0.039900989
JEY,0.077269187,0.071270628,0.253751143,0.09337858,0.23729917,0.313919133,0.468230838,0.548242837,0.454142342,0.025473189,0.045610007,0.048356709,0.054238893,0.058152408,0.084226213,0.049612408,0.053481551,0.060163506
JOR,0.02949552,0.229365432,0.32937595,0.076225188,0.093931989,0.300857448,0.391454266,0.477924848,0.673854093,0.008581485,0.016984407,0.01735186,0.020304527,0.021882189,0.030614435,0.020370558,0.018223753,0.019384132
JPN,0.073653685,0.235227299,0.412275106,0.094794482,0.12445473,0.318228363,0.40006409,0.37365585,0.596494837,0.001489797,0.00287079,0.002881519,0.003090059,0.003166826,0.004515697,0.003101169,0.002957173,0.003204117
KAZ,0.053799508,0.115869496,0.336811711,0.049821951,0.158672072,0.384340236,0.49086722,0.481404053,0.610546207,0.007374215,0.013478066,0.014827395,0.017102014,0.018056102,0.023815116,0.015633415,0.015262043,0.015637113
KEN,0.073779483,0.121912922,0.314246761,0.078134027,0.066919585,0.353581918,0.480575613,0.49181261,0.708904825,0.02005031,0.033203424,0.038309465,0.040107294,0.042514361,0.053401275,0.044404081,0.037732102,0.034994272
KGZ,0.095307955,0.082894075,0.332578978,0.108557061,0.115103629,0.373226754,0.479177701,0.459312749,0.574940655,0.022378721,0.041248802,0.042384,0.045272728,0.047998958,0.069097261,0.04482151,0.044457955,0.049345742
KHM,0.044188797,0.170649146,0.365364953,0.173622336,0.135216223,0.286101251,0.3288661,0.484862822,0.54483071,0.018012942,0.032211512,0.037887713,0.04245431,0.043061277,0.059455473,0.048611309,0.034485626,0.046806928
KOR,0.061313549,0.132327319,0.356525786,0.121054384,0.106006478,0.295447474,0.378117869,0.43416246,0.7004119,0.003288244,0.007140705,0.006407033,0.006838476,0.006962088,0.01008118,0.006940137,0.00641658,0.005894787
KWT,0.037104857,0.13356572,0.375241381,0.06247817,0.117578386,0.351014635,0.402799499,0.423940393,0.623207671,0.012504598,0.022774473,0.024208251,0.027445665,0.030101173,0.038546991,0.027033563,0.026529356,0.024590611
LBN,0.038429365,0.118943182,0.389624126,0.086603907,0.103607452,0.329076443,0.456452633,0.49555268,0.59553225,0.010978695,0.023019843,0.022624322,0.025595857,0.028288052,0.038467891,0.025540191,0.023536512,0.030724572
LKA,0.087502045,0.145737203,0.327292578,0.064451533,0.205107942,0.348260314,0.418664238,0.482926448,0.618038146,0.015997304,0.031709948,0.031302187,0.034518998,0.037376609,0.054791491,0.035621073,0.030690618,0.036437417
LTU,0.043932862,0.086209584,0.2665216,0.12559983,0.220006193,0.415530949,0.53929568,0.50851978,0.604269689,0.002742741,0.005435071,0.005500679,0.006569553,0.006540432,0.009087228,0.005781528,0.005683548,0.005996677
LUX,0.072682783,0.093031483,0.368272948,0.122261163,0.159414832,0.295063641,0.458068348,0.503405365,0.632484121,0.007770028,0.015474698,0.013843927,0.016521636,0.01723857,0.024721642,0.016599906,0.015042794,0.016256903
LVA,0.067615381,0.010468912,0.392062887,0.073813163,0.184700471,0.362250773,0.479464409,0.471738394,0.584892146,0.005867657,0.012224422,0.011185032,0.012665297,0.013178747,0.018447676,0.012154612,0.011619781,0.01248748
MAC,0.077225762,0.150801621,0.461782755,0.108783659,0.120272484,0.261565542,0.41318622,0.404340343,0.551619119,0.022737949,0.040302922,0.039353164,0.046731852,0.052054993,0.077610762,0.047593505,0.046432403,0.046401217
MAR,0.03007239,0.104378327,0.356029276,0.124781385,0.128150084,0.391248999,0.514837022,0.501972444,0.634404208,0.007222584,0.01290822,0.013212095,0.016375535,0.017365628,0.024068808,0.015080552,0.015262371,0.015385439
MCO,0.070906849,5.58E-05,0.486110512,0.215168025,0.141306221,0.249848195,0.421240085,0.478455859,0.661917921,0.030539883,0.059280614,0.054555521,0.075446748,0.08673104,0.131171315,0.084133731,0.082111313,0.057434358
MDA,0.056322828,0.08707483,0.343216254,0.07159122,0.165014276,0.366351695,0.458634564,0.463691618,0.604004217,0.011578918,0.020386139,0.022511326,0.026023664,0.027741018,0.037608793,0.026003733,0.024163948,0.025382488
MDG,0.10655916,0.066132721,0.282186567,0.306927531,0.137921544,0.302398963,0.350402242,0.413846978,0.527098872,0.032210349,0.050307732,0.067827878,0.067254038,0.073970725,0.108599809,0.077910354,0.06462401,0.071418756
MDV,0.06445682,0.035705887,0.24702381,0.180934771,0.085042657,0.377225167,0.532020064,0.543061548,0.682799378,0.031929444,0.064760788,0.072433282,0.06721757,0.079091828,0.103057858,0.062972864,0.065391622,0.056740885
MEX,0.032197815,0.097179256,0.355495098,0.140133885,0.177301489,0.391477557,0.504316904,0.496159207,0.470217986,0.001972822,0.003876268,0.004196916,0.004808513,0.005005184,0.006889324,0.004520026,0.004369997,0.005528574
MKD,0.051244081,0.120976717,0.327348514,0.069328015,0.142490974,0.277553047,0.48509271,0.432088126,0.609458244,0.00704951,0.011134654,0.016346149,0.016692957,0.014439824,0.020874794,0.015330982,0.013220913,0.017164669
MLT,0.047109516,0.102389679,0.348427808,0.132061662,0.236195231,0.415570336,0.515872847,0.543253693,0.610462461,0.011586014,0.022265771,0.022681293,0.027029238,0.027586397,0.037881716,0.0248362,0.023134426,0.025491455
MMR,0.109743116,0.093391379,0.34755149,0.079892201,0.052584141,0.289381014,0.518011011,0.574038436,0.431170246,0.026156889,0.039048406,0.048075021,0.043136194,0.04911792,0.085070726,0.059360257,0.050035828,0.054510858
MNE,0.062521594,0.14302641,0.416443114,0.14860919,0.147656324,0.352790019,0.504952099,0.471915686,0.601084575,0.018503583,0.037089136,0.037018911,0.041540096,0.045782357,0.061246104,0.039180902,0.036407841,0.041683747
MNG,0.044356338,0.085779409,0.364862546,0.146264539,0.246234835,0.494664872,0.583806682,0.514191472,0.664095697,0.018647366,0.036532495,0.03797766,0.043506508,0.042993105,0.057532947,0.038895217,0.037776686,0.038506861
MTQ,0.021873004,0.067009451,0.316512342,0.09115984,0.126084449,0.44351707,0.580171279,0.539141722,0.733699623,0.026938616,0.045554066,0.066332263,0.066829379,0.066981969,0.096227254,0.056090908,0.054382294,0.05080192
MUS,0.03904342,0.060113176,0.311906154,0.135653218,0.104801546,0.329223369,0.478793623,0.440450992,0.535851297,0.018385332,0.037058144,0.037164059,0.038262345,0.046449903,0.062872511,0.041193639,0.040838452,0.051782329
MYS,0.050209877,0.125448068,0.391481779,0.099458326,0.146604761,0.348893395,0.389846978,0.440654413,0.532676552,0.004297733,0.008198284,0.008453588,0.009654075,0.010493838,0.014211574,0.009549464,0.009057108,0.009886387
NCL,0.071400431,0.169885357,0.397682091,0.263961838,0.12314401,0.40752298,0.505162569,0.526819434,0.650627659,0.022827587,0.040824058,0.042673338,0.051040236,0.053905477,0.068457445,0.04470188,0.046889069,0.042623868
NGA,0.044659988,0.164516915,0.310949281,0.0647887,0.030975341,0.474567599,0.521255144,0.475489901,0.717156702,0.025937617,0.046804882,0.04707907,0.065325302,0.063708135,0.088701493,0.055141771,0.056014577,0.048902847
NIC,0.05601097,0.066234187,0.265856493,0.16874858,0.226354967,0.370284653,0.52323785,0.527763378,0.476141253,0.022358592,0.039652375,0.04560052,0.046509724,0.051640276,0.079698099,0.046110373,0.046171623,0.051384246
NLD,0.076186148,0.139220948,0.38700336,0.084120992,0.16417957,0.326325151,0.469195694,0.493441687,0.636618112,0.001681148,0.003108601,0.003376648,0.003698955,0.003875447,0.005519942,0.003565223,0.003409221,0.003598918
NOR,0.07683181,0.16382873,0.359091467,0.090836765,0.14113529,0.296307456,0.495217412,0.528083063,0.669254897,0.002680521,0.005203484,0.005199408,0.005982638,0.006114943,0.008776129,0.005616036,0.005519921,0.005605688
NPL,0.011238591,0.155649756,0.254841535,0.084110055,0.153845935,0.374074584,0.460135659,0.505759208,0.564776975,0.02186444,0.047271359,0.044527203,0.052938846,0.053889912,0.067708281,0.04355843,0.043293165,0.048384515
NZL,0.086631022,0.127345056,0.339942905,0.104024077,0.183998682,0.348527327,0.487232474,0.521371959,0.602983224,0.00278873,0.00532079,0.005248969,0.006170679,0.006397961,0.008878749,0.005983385,0.005613185,0.00715433
OMN,0.023647784,0.050857735,0.359112307,0.16579523,0.060387709,0.212989572,0.382154058,0.487928153,0.605036461,0.021088521,0.041096785,0.039617056,0.046759134,0.052921664,0.067330114,0.04602601,0.041040668,0.047614399
PAK,0.041887431,0.147150993,0.291895061,0.082228292,0.115148492,0.23620988,0.395681199,0.50661072,0.604226106,0.008879637,0.016804074,0.018438181,0.019965607,0.021258463,0.02866483,0.019607611,0.018503377,0.019631133
PAN,0.034511859,0.111094392,0.391035859,0.202889919,0.134399756,0.372064237,0.470355663,0.442290096,0.495672198,0.013612952,0.022500193,0.031226411,0.030840743,0.0338569,0.041925986,0.030379419,0.025842377,0.038470719
PER,0.02791118,0.121126281,0.346947972,0.146602935,0.182159609,0.410714023,0.509385865,0.488219803,0.374001048,0.005216135,0.009280694,0.010893466,0.013097858,0.013394409,0.018570366,0.011915693,0.011533915,0.014346604
PHL,0.039269647,0.10189915,0.388641712,0.155140505,0.11967598,0.39315394,0.401853308,0.454950085,0.506405686,0.00336072,0.006357488,0.006893924,0.008153528,0.0086585,0.011622319,0.008278392,0.007343119,0.008389762
POL,0.055484178,-0.006368135,0.373425712,0.087144091,0.152242478,0.354154282,0.467292833,0.47538328,0.626939296,0.00126426,0.002851511,0.002450265,0.002950284,0.003072617,0.00441148,0.002840937,0.002575286,0.002776289
PRI,0.035112945,0.130501229,0.364826527,0.112565176,0.2033747,0.377170403,0.522895893,0.474553287,0.499901211,0.010795101,0.019874248,0.021830345,0.024819076,0.025917471,0.034891679,0.022458108,0.02253852,0.02553521
PRT,0.053099032,0.113536062,0.408629613,0.1235912,0.139749579,0.319109149,0.496614156,0.501837611,0.539719533,0.002367676,0.004932629,0.004479098,0.005306326,0.005733536,0.00796155,0.005221381,0.004909059,0.006066376
PRY,0.04342053,0.054553296,0.330184767,0.133326556,0.21294056,0.363086705,0.487435203,0.478996774,0.437782242,0.012164868,0.025114849,0.025060119,0.030244326,0.03091895,0.042741447,0.029137746,0.026072854,0.030250388
PSE,0.057749752,0.208764599,0.275641487,0.083655622,0.05319418,0.297209764,0.366315136,0.452330242,0.634352389,0.014693446,0.029274985,0.03167944,0.03361583,0.03529098,0.051921663,0.034664893,0.032128208,0.030664779
PYF,-0.002088838,0.063752154,0.376766982,0.167161134,0.17543736,0.443781169,0.536583698,0.488770345,0.631792669,0.026621458,0.050365009,0.046964618,0.06236342,0.070516597,0.068367739,0.057178216,0.060843671,0.068732482
QAT,0.043638774,0.10065278,0.325097797,0.104595978,0.211942289,0.310809282,0.428632842,0.487263314,0.572215105,0.012210118,0.025690768,0.024498936,0.028205355,0.02934226,0.039869551,0.03673928,0.024601227,0.036305243
REU,0.018114209,0.082207632,0.44266293,0.309531431,0.180173541,0.383776664,0.597878314,0.557668973,0.626815171,0.012215827,0.021492295,0.023241851,0.029340836,0.032064673,0.04216938,0.026484171,0.024489979,0.028200245
ROU,0.05815102,0.063046586,0.386434218,0.080636285,0.192483379,0.351250598,0.498843255,0.480407776,0.602729935,0.002515706,0.004747286,0.00489514,0.005902276,0.006082682,0.008409149,0.005394098,0.0052587,0.005598244
RUS,0.067780932,0.044768685,0.385252679,0.037161347,0.156272962,0.340724897,0.449177027,0.455030834,0.605935426,0.00110039,0.002352183,0.002235225,0.002550194,0.002515582,0.003487935,0.002413175,0.002361406,0.002391103
SAU,0.026805334,0.124194526,0.37272727,0.049157885,0.08229366,0.351028168,0.373165006,0.459583997,0.609155035,0.004809706,0.009102387,0.010072298,0.011868923,0.012740378,0.016968949,0.011840697,0.010868616,0.011373477
SGP,0.071943687,0.15490601,0.382144227,0.099068063,0.172863751,0.349976282,0.418219863,0.514391947,0.621888729,0.002476592,0.004410717,0.004611615,0.005231191,0.005462509,0.007669665,0.005049191,0.00508135,0.004897005
SLV,0.024162727,0.064329852,0.394308774,0.139858186,0.163592492,0.435995494,0.449062417,0.501014386,0.458056209,0.013820984,0.026018193,0.028422708,0.033648351,0.036914021,0.044788042,0.031940185,0.030755262,0.035728813
SRB,0.041418263,0.040236572,0.381857697,0.079899215,0.208447248,0.346320845,0.519511174,0.511716553,0.55448876,0.005291853,0.009911238,0.010611638,0.01216973,0.012864715,0.018177337,0.012040511,0.010459957,0.016658834
SVK,0.043549683,0.035515671,0.370937362,0.142553268,0.176132734,0.394730903,0.526173335,0.529658354,0.658453082,0.002566918,0.004878155,0.00491522,0.005986578,0.006248715,0.008623127,0.00560403,0.005267816,0.005954449
SVN,0.075868269,0.047789855,0.365322342,0.089469627,0.154750022,0.344138668,0.469298386,0.478563719,0.576186383,0.006728763,0.012233296,0.012089206,0.014386457,0.014897445,0.021870223,0.013712241,0.013780136,0.014526605
SWE,0.071287327,0.117834674,0.329187469,0.098743228,0.144183669,0.30957621,0.48894931,0.504772265,0.576764407,0.001813012,0.003915894,0.006157228,0.004857888,0.003891454,0.006023061,0.004008736,0.003929443,0.006378802
SYR,0.067982396,0.165510909,0.311890824,-0.023754258,0.129350821,0.380589316,0.522681547,0.528252075,0.529345669,0.028719835,0.057213116,0.063623863,0.080220233,0.069604722,0.085648618,0.061851975,0.064093075,0.106505004
THA,0.074358836,0.074676306,0.365014782,0.091306612,0.10346812,0.302338676,0.362846156,0.406771707,0.593765605,0.004000884,0.00761039,0.007777013,0.008808824,0.009166045,0.012615896,0.00835427,0.008922166,0.007777219
TTO,0.014307802,0.07725725,0.302297528,0.141179714,0.228358102,0.373863759,0.464534632,0.514408536,0.541514274,0.016649535,0.030150136,0.031109454,0.037810759,0.038526224,0.064513207,0.037390501,0.034148035,0.041066252
TUN,0.058081114,0.055207534,0.301627193,0.152702328,0.180331142,0.344184759,0.457314542,0.495728939,0.600393805,0.010780585,0.021463654,0.026506689,0.025764247,0.02627034,0.035942457,0.026763428,0.022839327,0.024770541
TUR,0.026047834,0.160214812,0.322729045,0.107855427,0.180006069,0.333609256,0.494938581,0.455205979,0.373417837,0.001191058,0.002305067,0.002438952,0.002871541,0.003056617,0.004208112,0.002762878,0.00276109,0.003664158
TWN,0.075286482,0.084831585,0.347282936,0.093213523,0.130986749,0.273966528,0.345241775,0.392762254,0.55679039,0.003076446,0.007070504,0.006644861,0.006500626,0.006983797,0.010145078,0.006788459,0.006142323,0.00711509
UKR,0.062537518,0.040903153,0.383708315,0.061688743,0.169003818,0.339543974,0.455242386,0.443044246,0.600884697,0.002231388,0.004467993,0.004680776,0.005088385,0.005320599,0.007409871,0.005166783,0.004683678,0.004834567
URY,0.026970018,0.117273297,0.344766515,0.142835259,0.139651388,0.39499737,0.513222164,0.502547718,0.392275189,0.006030792,0.012541338,0.013187618,0.014515687,0.015323648,0.02145364,0.014321935,0.012895139,0.022217271
USA,0.067244816,0.098284516,0.318724086,0.120597766,0.176191071,0.35861455,0.490754563,0.53104843,0.584043888,0.000571089,0.001192761,0.001426453,0.001034121,0.001020982,0.001497454,0.001318415,0.001006283,0.001851544
UZB,0.048687904,0.110705213,0.274413323,0.027872685,0.130632802,0.418629356,0.529831157,0.598314251,0.592564466,0.023854531,0.042306241,0.042290254,0.054169334,0.062234573,0.07292325,0.047647393,0.04196831,0.048243504
VEN,0.015272014,0.115529649,0.35196398,0.18949271,0.179246642,0.471062902,0.484124833,0.493406697,0.319074396,0.005179173,0.009364793,0.010861403,0.012783488,0.013581482,0.018003561,0.013857698,0.011516815,0.015801885
VNM,0.035074575,0.060405015,0.312507234,0.136494599,0.159443924,0.379630293,0.454505653,0.472410408,0.554450601,0.00498748,0.009571634,0.010050505,0.011465093,0.01218239,0.016486255,0.011036939,0.010451196,0.010977526
ZAF,0.069736576,0.139021841,0.336733201,0.140644613,0.18135695,0.393273473,0.50124258,0.54134057,0.587458433,0.004590017,0.008556595,0.008691948,0.010176621,0.010677667,0.014475522,0.009797747,0.009320451,0.010955777
